"1","S1A_IW_GRDH_1SDV_20190603T183142_20190603T183207_027519_031AF5_D0D9","03-06-19","original_image/S1A_IW_GRDH_1SDV_20190603T183142_20190603T183207_027519_031AF5_D0D9_Raw.png","screenshots/S1A_IW_GRDH_1SDV_20190603T183142_20190603T183207_027519_031AF5_D0D9_screenshot.png","period_map/S1A_IW_GRDH_1SDV_20190603T183142_20190603T183207_027519_031AF5_D0D9_Period-Map.png","height_map/S1A_IW_GRDH_1SDV_20190603T183142_20190603T183207_027519_031AF5_D0D9_Height-Map.png","wind_map/S1A_IW_GRDH_1SDV_20190603T183142_20190603T183207_027519_031AF5_D0D9_Wind-Map.png"
"2","S1A_IW_GRDH_1SDV_20190605T070249_20190605T070314_027541_031B9A_F4CE","05-06-19","original_image/S1A_IW_GRDH_1SDV_20190605T070249_20190605T070314_027541_031B9A_F4CE_Raw.png","screenshots/S1A_IW_GRDH_1SDV_20190605T070249_20190605T070314_027541_031B9A_F4CE_screenshot.png","period_map/S1A_IW_GRDH_1SDV_20190605T070249_20190605T070314_027541_031B9A_F4CE_Period-Map.png","height_map/S1A_IW_GRDH_1SDV_20190605T070249_20190605T070314_027541_031B9A_F4CE_Height-Map.png","wind_map/S1A_IW_GRDH_1SDV_20190605T070249_20190605T070314_027541_031B9A_F4CE_Wind-Map.png"
"3","S1A_IW_GRDH_1SDV_20190605T070314_20190605T070339_027541_031B9A_3FD5","05-06-19","original_image/S1A_IW_GRDH_1SDV_20190605T070314_20190605T070339_027541_031B9A_3FD5_Raw.png","screenshots/S1A_IW_GRDH_1SDV_20190605T070314_20190605T070339_027541_031B9A_3FD5_screenshot.png","period_map/S1A_IW_GRDH_1SDV_20190605T070314_20190605T070339_027541_031B9A_3FD5_Period-Map.png","height_map/S1A_IW_GRDH_1SDV_20190605T070314_20190605T070339_027541_031B9A_3FD5_Height-Map.png","wind_map/S1A_IW_GRDH_1SDV_20190605T070314_20190605T070339_027541_031B9A_3FD5_Wind-Map.png"
"4","S1A_IW_GRDH_1SDV_20190610T182338_20190610T182403_027621_031E06_8D49","10-06-19","original_image/S1A_IW_GRDH_1SDV_20190610T182338_20190610T182403_027621_031E06_8D49_Raw.png","screenshots/S1A_IW_GRDH_1SDV_20190610T182338_20190610T182403_027621_031E06_8D49_screenshot.png","period_map/S1A_IW_GRDH_1SDV_20190610T182338_20190610T182403_027621_031E06_8D49_Period-Map.png","height_map/S1A_IW_GRDH_1SDV_20190610T182338_20190610T182403_027621_031E06_8D49_Height-Map.png","wind_map/S1A_IW_GRDH_1SDV_20190610T182338_20190610T182403_027621_031E06_8D49_Wind-Map.png"
"5","S1A_IW_GRDH_1SDV_20190612T065457_20190612T065522_027643_031EBA_9166","12-06-19","original_image/S1A_IW_GRDH_1SDV_20190612T065457_20190612T065522_027643_031EBA_9166_Raw.png","screenshots/S1A_IW_GRDH_1SDV_20190612T065457_20190612T065522_027643_031EBA_9166_screenshot.png","period_map/S1A_IW_GRDH_1SDV_20190612T065457_20190612T065522_027643_031EBA_9166_Period-Map.png","height_map/S1A_IW_GRDH_1SDV_20190612T065457_20190612T065522_027643_031EBA_9166_Height-Map.png","wind_map/S1A_IW_GRDH_1SDV_20190612T065457_20190612T065522_027643_031EBA_9166_Wind-Map.png"
"6","S1A_IW_GRDH_1SDV_20190615T183142_20190615T183207_027694_03203F_ECC3","15-06-19","original_image/S1A_IW_GRDH_1SDV_20190615T183142_20190615T183207_027694_03203F_ECC3_Raw.png","screenshots/S1A_IW_GRDH_1SDV_20190615T183142_20190615T183207_027694_03203F_ECC3_screenshot.png","period_map/S1A_IW_GRDH_1SDV_20190615T183142_20190615T183207_027694_03203F_ECC3_Period-Map.png","height_map/S1A_IW_GRDH_1SDV_20190615T183142_20190615T183207_027694_03203F_ECC3_Height-Map.png","wind_map/S1A_IW_GRDH_1SDV_20190615T183142_20190615T183207_027694_03203F_ECC3_Wind-Map.png"
"7","S1A_IW_GRDH_1SDV_20190617T070249_20190617T070314_027716_0320E1_5879","17-06-19","original_image/S1A_IW_GRDH_1SDV_20190617T070249_20190617T070314_027716_0320E1_5879_Raw.png","screenshots/S1A_IW_GRDH_1SDV_20190617T070249_20190617T070314_027716_0320E1_5879_screenshot.png","period_map/S1A_IW_GRDH_1SDV_20190617T070249_20190617T070314_027716_0320E1_5879_Period-Map.png","height_map/S1A_IW_GRDH_1SDV_20190617T070249_20190617T070314_027716_0320E1_5879_Height-Map.png","wind_map/S1A_IW_GRDH_1SDV_20190617T070249_20190617T070314_027716_0320E1_5879_Wind-Map.png"
"8","S1A_IW_GRDH_1SDV_20190617T070314_20190617T070339_027716_0320E1_3F63","17-06-19","original_image/S1A_IW_GRDH_1SDV_20190617T070314_20190617T070339_027716_0320E1_3F63_Raw.png","screenshots/S1A_IW_GRDH_1SDV_20190617T070314_20190617T070339_027716_0320E1_3F63_screenshot.png","period_map/S1A_IW_GRDH_1SDV_20190617T070314_20190617T070339_027716_0320E1_3F63_Period-Map.png","height_map/S1A_IW_GRDH_1SDV_20190617T070314_20190617T070339_027716_0320E1_3F63_Height-Map.png","wind_map/S1A_IW_GRDH_1SDV_20190617T070314_20190617T070339_027716_0320E1_3F63_Wind-Map.png"
"9","S1A_IW_GRDH_1SDV_20190622T182314_20190622T182339_027796_032342_ED16","22-06-19","original_image/S1A_IW_GRDH_1SDV_20190622T182314_20190622T182339_027796_032342_ED16_Raw.png","screenshots/S1A_IW_GRDH_1SDV_20190622T182314_20190622T182339_027796_032342_ED16_screenshot.png","period_map/S1A_IW_GRDH_1SDV_20190622T182314_20190622T182339_027796_032342_ED16_Period-Map.png","height_map/S1A_IW_GRDH_1SDV_20190622T182314_20190622T182339_027796_032342_ED16_Height-Map.png","wind_map/S1A_IW_GRDH_1SDV_20190622T182314_20190622T182339_027796_032342_ED16_Wind-Map.png"
"10","S1A_IW_GRDH_1SDV_20190622T182339_20190622T182404_027796_032342_C67D","22-06-19","original_image/S1A_IW_GRDH_1SDV_20190622T182339_20190622T182404_027796_032342_C67D_Raw.png","screenshots/S1A_IW_GRDH_1SDV_20190622T182339_20190622T182404_027796_032342_C67D_screenshot.png","period_map/S1A_IW_GRDH_1SDV_20190622T182339_20190622T182404_027796_032342_C67D_Period-Map.png","height_map/S1A_IW_GRDH_1SDV_20190622T182339_20190622T182404_027796_032342_C67D_Height-Map.png","wind_map/S1A_IW_GRDH_1SDV_20190622T182339_20190622T182404_027796_032342_C67D_Wind-Map.png"
"11","S1A_IW_GRDH_1SDV_20190624T065458_20190624T065523_027818_0323EC_E6E0","24-06-19","original_image/S1A_IW_GRDH_1SDV_20190624T065458_20190624T065523_027818_0323EC_E6E0_Raw.png","screenshots/S1A_IW_GRDH_1SDV_20190624T065458_20190624T065523_027818_0323EC_E6E0_screenshot.png","period_map/S1A_IW_GRDH_1SDV_20190624T065458_20190624T065523_027818_0323EC_E6E0_Period-Map.png","height_map/S1A_IW_GRDH_1SDV_20190624T065458_20190624T065523_027818_0323EC_E6E0_Height-Map.png","wind_map/S1A_IW_GRDH_1SDV_20190624T065458_20190624T065523_027818_0323EC_E6E0_Wind-Map.png"
"12","S1A_IW_GRDH_1SDV_20190627T183143_20190627T183208_027869_032576_0BF6","27-06-19","original_image/S1A_IW_GRDH_1SDV_20190627T183143_20190627T183208_027869_032576_0BF6_Raw.png","screenshots/S1A_IW_GRDH_1SDV_20190627T183143_20190627T183208_027869_032576_0BF6_screenshot.png","period_map/S1A_IW_GRDH_1SDV_20190627T183143_20190627T183208_027869_032576_0BF6_Period-Map.png","height_map/S1A_IW_GRDH_1SDV_20190627T183143_20190627T183208_027869_032576_0BF6_Height-Map.png","wind_map/S1A_IW_GRDH_1SDV_20190627T183143_20190627T183208_027869_032576_0BF6_Wind-Map.png"
"13","S1A_IW_GRDH_1SDV_20190629T070250_20190629T070315_027891_03261D_61EF","29-06-19","original_image/S1A_IW_GRDH_1SDV_20190629T070250_20190629T070315_027891_03261D_61EF_Raw.png","screenshots/S1A_IW_GRDH_1SDV_20190629T070250_20190629T070315_027891_03261D_61EF_screenshot.png","period_map/S1A_IW_GRDH_1SDV_20190629T070250_20190629T070315_027891_03261D_61EF_Period-Map.png","height_map/S1A_IW_GRDH_1SDV_20190629T070250_20190629T070315_027891_03261D_61EF_Height-Map.png","wind_map/S1A_IW_GRDH_1SDV_20190629T070250_20190629T070315_027891_03261D_61EF_Wind-Map.png"
"14","S1A_IW_GRDH_1SDV_20190629T070315_20190629T070340_027891_03261D_42AF","29-06-19","original_image/S1A_IW_GRDH_1SDV_20190629T070315_20190629T070340_027891_03261D_42AF_Raw.png","screenshots/S1A_IW_GRDH_1SDV_20190629T070315_20190629T070340_027891_03261D_42AF_screenshot.png","period_map/S1A_IW_GRDH_1SDV_20190629T070315_20190629T070340_027891_03261D_42AF_Period-Map.png","height_map/S1A_IW_GRDH_1SDV_20190629T070315_20190629T070340_027891_03261D_42AF_Height-Map.png","wind_map/S1A_IW_GRDH_1SDV_20190629T070315_20190629T070340_027891_03261D_42AF_Wind-Map.png"
"15","S1B_IW_GRDH_1SDV_20190604T182249_20190604T182314_016550_01F283_3058","04-06-19","original_image/S1B_IW_GRDH_1SDV_20190604T182249_20190604T182314_016550_01F283_3058_Raw.png","screenshots/S1B_IW_GRDH_1SDV_20190604T182249_20190604T182314_016550_01F283_3058_screenshot.png","period_map/S1B_IW_GRDH_1SDV_20190604T182249_20190604T182314_016550_01F283_3058_Period-Map.png","height_map/S1B_IW_GRDH_1SDV_20190604T182249_20190604T182314_016550_01F283_3058_Height-Map.png","wind_map/S1B_IW_GRDH_1SDV_20190604T182249_20190604T182314_016550_01F283_3058_Wind-Map.png"
"16","S1B_IW_GRDH_1SDV_20190606T065356_20190606T065421_016572_01F321_2E64","06-06-19","original_image/S1B_IW_GRDH_1SDV_20190606T065356_20190606T065421_016572_01F321_2E64_Raw.png","screenshots/S1B_IW_GRDH_1SDV_20190606T065356_20190606T065421_016572_01F321_2E64_screenshot.png","period_map/S1B_IW_GRDH_1SDV_20190606T065356_20190606T065421_016572_01F321_2E64_Period-Map.png","height_map/S1B_IW_GRDH_1SDV_20190606T065356_20190606T065421_016572_01F321_2E64_Height-Map.png","wind_map/S1B_IW_GRDH_1SDV_20190606T065356_20190606T065421_016572_01F321_2E64_Wind-Map.png"
"17","S1B_IW_GRDH_1SDV_20190606T065421_20190606T065446_016572_01F321_EF4B","06-06-19","original_image/S1B_IW_GRDH_1SDV_20190606T065421_20190606T065446_016572_01F321_EF4B_Raw.png","screenshots/S1B_IW_GRDH_1SDV_20190606T065421_20190606T065446_016572_01F321_EF4B_screenshot.png","period_map/S1B_IW_GRDH_1SDV_20190606T065421_20190606T065446_016572_01F321_EF4B_Period-Map.png","height_map/S1B_IW_GRDH_1SDV_20190606T065421_20190606T065446_016572_01F321_EF4B_Height-Map.png","wind_map/S1B_IW_GRDH_1SDV_20190606T065421_20190606T065446_016572_01F321_EF4B_Wind-Map.png"
"18","S1B_IW_GRDH_1SDV_20190609T183100_20190609T183125_016623_01F49B_C47D","09-06-19","original_image/S1B_IW_GRDH_1SDV_20190609T183100_20190609T183125_016623_01F49B_C47D_Raw.png","screenshots/S1B_IW_GRDH_1SDV_20190609T183100_20190609T183125_016623_01F49B_C47D_screenshot.png","period_map/S1B_IW_GRDH_1SDV_20190609T183100_20190609T183125_016623_01F49B_C47D_Period-Map.png","height_map/S1B_IW_GRDH_1SDV_20190609T183100_20190609T183125_016623_01F49B_C47D_Height-Map.png","wind_map/S1B_IW_GRDH_1SDV_20190609T183100_20190609T183125_016623_01F49B_C47D_Wind-Map.png"
"19","S1B_IW_GRDH_1SDV_20190611T070207_20190611T070232_016645_01F540_BE4E","11-06-19","original_image/S1B_IW_GRDH_1SDV_20190611T070207_20190611T070232_016645_01F540_BE4E_Raw.png","screenshots/S1B_IW_GRDH_1SDV_20190611T070207_20190611T070232_016645_01F540_BE4E_screenshot.png","period_map/S1B_IW_GRDH_1SDV_20190611T070207_20190611T070232_016645_01F540_BE4E_Period-Map.png","height_map/S1B_IW_GRDH_1SDV_20190611T070207_20190611T070232_016645_01F540_BE4E_Height-Map.png","wind_map/S1B_IW_GRDH_1SDV_20190611T070207_20190611T070232_016645_01F540_BE4E_Wind-Map.png"
"20","S1B_IW_GRDH_1SDV_20190611T070232_20190611T070257_016645_01F540_2AE4","11-06-19","original_image/S1B_IW_GRDH_1SDV_20190611T070232_20190611T070257_016645_01F540_2AE4_Raw.png","screenshots/S1B_IW_GRDH_1SDV_20190611T070232_20190611T070257_016645_01F540_2AE4_screenshot.png","period_map/S1B_IW_GRDH_1SDV_20190611T070232_20190611T070257_016645_01F540_2AE4_Period-Map.png","height_map/S1B_IW_GRDH_1SDV_20190611T070232_20190611T070257_016645_01F540_2AE4_Height-Map.png","wind_map/S1B_IW_GRDH_1SDV_20190611T070232_20190611T070257_016645_01F540_2AE4_Wind-Map.png"
"21","S1B_IW_GRDH_1SDV_20190616T182249_20190616T182314_016725_01F7B2_A90D","16-06-19","original_image/S1B_IW_GRDH_1SDV_20190616T182249_20190616T182314_016725_01F7B2_A90D_Raw.png","screenshots/S1B_IW_GRDH_1SDV_20190616T182249_20190616T182314_016725_01F7B2_A90D_screenshot.png","period_map/S1B_IW_GRDH_1SDV_20190616T182249_20190616T182314_016725_01F7B2_A90D_Period-Map.png","height_map/S1B_IW_GRDH_1SDV_20190616T182249_20190616T182314_016725_01F7B2_A90D_Height-Map.png","wind_map/S1B_IW_GRDH_1SDV_20190616T182249_20190616T182314_016725_01F7B2_A90D_Wind-Map.png"
"22","S1B_IW_GRDH_1SDV_20190618T065357_20190618T065422_016747_01F854_D45C","18-06-19","original_image/S1B_IW_GRDH_1SDV_20190618T065357_20190618T065422_016747_01F854_D45C_Raw.png","screenshots/S1B_IW_GRDH_1SDV_20190618T065357_20190618T065422_016747_01F854_D45C_screenshot.png","period_map/S1B_IW_GRDH_1SDV_20190618T065357_20190618T065422_016747_01F854_D45C_Period-Map.png","height_map/S1B_IW_GRDH_1SDV_20190618T065357_20190618T065422_016747_01F854_D45C_Height-Map.png","wind_map/S1B_IW_GRDH_1SDV_20190618T065357_20190618T065422_016747_01F854_D45C_Wind-Map.png"
"23","S1B_IW_GRDH_1SDV_20190618T065422_20190618T065447_016747_01F854_8935","18-06-19","original_image/S1B_IW_GRDH_1SDV_20190618T065422_20190618T065447_016747_01F854_8935_Raw.png","screenshots/S1B_IW_GRDH_1SDV_20190618T065422_20190618T065447_016747_01F854_8935_screenshot.png","period_map/S1B_IW_GRDH_1SDV_20190618T065422_20190618T065447_016747_01F854_8935_Period-Map.png","height_map/S1B_IW_GRDH_1SDV_20190618T065422_20190618T065447_016747_01F854_8935_Height-Map.png","wind_map/S1B_IW_GRDH_1SDV_20190618T065422_20190618T065447_016747_01F854_8935_Wind-Map.png"
"24","S1B_IW_GRDH_1SDV_20190621T183101_20190621T183126_016798_01F9D1_B51B","21-06-19","original_image/S1B_IW_GRDH_1SDV_20190621T183101_20190621T183126_016798_01F9D1_B51B_Raw.png","screenshots/S1B_IW_GRDH_1SDV_20190621T183101_20190621T183126_016798_01F9D1_B51B_screenshot.png","period_map/S1B_IW_GRDH_1SDV_20190621T183101_20190621T183126_016798_01F9D1_B51B_Period-Map.png","height_map/S1B_IW_GRDH_1SDV_20190621T183101_20190621T183126_016798_01F9D1_B51B_Height-Map.png","wind_map/S1B_IW_GRDH_1SDV_20190621T183101_20190621T183126_016798_01F9D1_B51B_Wind-Map.png"
"25","S1B_IW_GRDH_1SDV_20190623T070208_20190623T070233_016820_01FA70_52CB","23-06-19","original_image/S1B_IW_GRDH_1SDV_20190623T070208_20190623T070233_016820_01FA70_52CB_Raw.png","screenshots/S1B_IW_GRDH_1SDV_20190623T070208_20190623T070233_016820_01FA70_52CB_screenshot.png","period_map/S1B_IW_GRDH_1SDV_20190623T070208_20190623T070233_016820_01FA70_52CB_Period-Map.png","height_map/S1B_IW_GRDH_1SDV_20190623T070208_20190623T070233_016820_01FA70_52CB_Height-Map.png","wind_map/S1B_IW_GRDH_1SDV_20190623T070208_20190623T070233_016820_01FA70_52CB_Wind-Map.png"
"26","S1B_IW_GRDH_1SDV_20190623T070233_20190623T070258_016820_01FA70_DBF8","23-06-19","original_image/S1B_IW_GRDH_1SDV_20190623T070233_20190623T070258_016820_01FA70_DBF8_Raw.png","screenshots/S1B_IW_GRDH_1SDV_20190623T070233_20190623T070258_016820_01FA70_DBF8_screenshot.png","period_map/S1B_IW_GRDH_1SDV_20190623T070233_20190623T070258_016820_01FA70_DBF8_Period-Map.png","height_map/S1B_IW_GRDH_1SDV_20190623T070233_20190623T070258_016820_01FA70_DBF8_Height-Map.png","wind_map/S1B_IW_GRDH_1SDV_20190623T070233_20190623T070258_016820_01FA70_DBF8_Wind-Map.png"
"27","S1B_IW_GRDH_1SDV_20190628T182250_20190628T182315_016900_01FCDC_FED9","28-06-19","original_image/S1B_IW_GRDH_1SDV_20190628T182250_20190628T182315_016900_01FCDC_FED9_Raw.png","screenshots/S1B_IW_GRDH_1SDV_20190628T182250_20190628T182315_016900_01FCDC_FED9_screenshot.png","period_map/S1B_IW_GRDH_1SDV_20190628T182250_20190628T182315_016900_01FCDC_FED9_Period-Map.png","height_map/S1B_IW_GRDH_1SDV_20190628T182250_20190628T182315_016900_01FCDC_FED9_Height-Map.png","wind_map/S1B_IW_GRDH_1SDV_20190628T182250_20190628T182315_016900_01FCDC_FED9_Wind-Map.png"
"28","S1B_IW_GRDH_1SDV_20190630T065358_20190630T065423_016922_01FD83_1212","30-06-19","original_image/S1B_IW_GRDH_1SDV_20190630T065358_20190630T065423_016922_01FD83_1212_Raw.png","screenshots/S1B_IW_GRDH_1SDV_20190630T065358_20190630T065423_016922_01FD83_1212_screenshot.png","period_map/S1B_IW_GRDH_1SDV_20190630T065358_20190630T065423_016922_01FD83_1212_Period-Map.png","height_map/S1B_IW_GRDH_1SDV_20190630T065358_20190630T065423_016922_01FD83_1212_Height-Map.png","wind_map/S1B_IW_GRDH_1SDV_20190630T065358_20190630T065423_016922_01FD83_1212_Wind-Map.png"
"29","S1B_IW_GRDH_1SDV_20190630T065423_20190630T065448_016922_01FD83_1EC9","30-06-19","original_image/S1B_IW_GRDH_1SDV_20190630T065423_20190630T065448_016922_01FD83_1EC9_Raw.png","screenshots/S1B_IW_GRDH_1SDV_20190630T065423_20190630T065448_016922_01FD83_1EC9_screenshot.png","period_map/S1B_IW_GRDH_1SDV_20190630T065423_20190630T065448_016922_01FD83_1EC9_Period-Map.png","height_map/S1B_IW_GRDH_1SDV_20190630T065423_20190630T065448_016922_01FD83_1EC9_Height-Map.png","wind_map/S1B_IW_GRDH_1SDV_20190630T065423_20190630T065448_016922_01FD83_1EC9_Wind-Map.png"
